{"Lr":7.074185457257605e-06,"Accum Loss":0.14873471105647695,"Test Acc":0.9007220216606499,"_timestamp":1.7492666818078728e+09,"Val Loss":0.2901613180791953,"_runtime":1030.864978861,"_wandb":{"runtime":1031},"_step":1248,"Train Loss (Epoch Mean)":0.09316938643736218}