{"Lr":7.067955571948624e-06,"Accum Loss":9.183022302750032e-05,"Train Loss (Epoch Mean)":0.1679538799908033,"Val Loss":0.3423339773490631,"_timestamp":1.7493005282913225e+09,"_wandb":{"runtime":1211},"_step":2496,"_runtime":1211.432775433,"Test Acc":0.8916967509025271}