{"_wandb":{"runtime":118},"_runtime":117.556372181,"_step":0,"Test Acc":0.35379061371841153,"_timestamp":1.7493263882030349e+09}