{"Val Loss":0.3576324439632411,"Test Acc":0.9097472924187726,"_wandb":{"runtime":1486},"_runtime":1486.107699912,"Accum Loss":5.476125807035714e-06,"Lr":7.936196151663141e-06,"_timestamp":1.7492689810051486e+09,"_step":2080,"Train Loss (Epoch Mean)":0.10476364269906725}