{"_timestamp":1.7492570521521108e+09,"_wandb":{"runtime":117},"_runtime":117.15921318,"_step":0,"Test Acc":0.3194945848375451}