{"_step":69,"Accum Loss":2.9002490043640137,"_wandb":{"runtime":74},"Lr":3.3333333333333333e-06,"_timestamp":1.7493327109586463e+09,"_runtime":73.444972086}