{"_wandb":{"runtime":6237},"_step":0,"Test Acc":0.41947565543071164,"_timestamp":1.7493326313982472e+09,"_runtime":6236.936165485}