{"Lr":7.936196151663141e-06,"Accum Loss":1.59582375545142e-05,"Val Loss":0.3182224888969162,"_runtime":1498.166455583,"Test Precision":0.8880866425992779,"Test Accuracy":0.8880866425992779,"_wandb":{"runtime":1499},"_step":2080,"_timestamp":1.749566926519038e+09,"Train Loss (Epoch Mean)":0.11744094881882393,"Test Recall":0.8880866425992779}