{"_timestamp":1.749227364525215e+09,"_wandb":{"runtime":6230},"_runtime":6230.230478535,"_step":0,"Test Acc":0.4239700374531835}