{"_wandb":{"runtime":6234},"_timestamp":1.749263292002998e+09,"_runtime":6234.459090811,"_step":0,"Test Acc":0.42446941323345816}