{"_wandb":{"runtime":1033},"Accum Loss":2.5844204174063634e-05,"Train Loss (Epoch Mean)":0.11354162733834598,"Val Loss":0.3839557852998301,"_step":1248,"Test Recall":0.8754512635379061,"_timestamp":1.749572086102215e+09,"_runtime":1033.212594685,"Lr":7.074185457257605e-06,"Test Precision":0.8754512635379061,"Test Accuracy":0.8754512635379061}