{"_runtime":6241.652389882,"_step":0,"Test Acc":0.4270162297128589,"_timestamp":1.7492984250538833e+09,"_wandb":{"runtime":6241}}