{"_wandb":{"runtime":1485},"Train Loss (Epoch Mean)":0.11291342851738947,"Test Acc":0.927797833935018,"_runtime":1484.520604538,"Lr":7.936196151663141e-06,"_timestamp":1.7492338268582027e+09,"_step":2080,"Val Loss":0.35998883144426186,"Accum Loss":0.00014195015864970628}