{"Test Recall":0.8339350180505415,"Test Accuracy":0.8339350180505415,"Test Precision":0.8321881914521952,"_timestamp":1.7495695484269664e+09,"Val Loss":0.30981875537997566,"_wandb":{"runtime":703},"Accum Loss":0.2386783991532866,"Lr":8.757294806881243e-06,"_step":832,"Train Loss (Epoch Mean)":0.17630216171361485,"_runtime":702.890483248}