{"Train Loss (Epoch Mean)":0.30741710737707534,"Lr":5.000014218167568e-06,"_step":2080,"_wandb":{"runtime":2321},"Accum Loss":0.2975597232580185,"Val Loss":0.36106158771685193,"Test Acc":0.555956678700361,"_timestamp":1.7492656186755586e+09,"_runtime":2321.299721816}