{"Train Loss (Epoch Mean)":0.12972371896412677,"_runtime":1486.704873602,"Lr":7.936196151663141e-06,"_step":2080,"_wandb":{"runtime":1487},"_timestamp":1.7493359334176774e+09,"Val Loss":0.26888061371032923,"Test Acc":0.8989169675090253,"Accum Loss":2.019030262090382e-05}