{"Lr":5.000014218167568e-06,"Test Acc":0.575812274368231,"_step":2080,"Val Loss":0.3652589725596564,"_wandb":{"runtime":2320},"_runtime":2320.006066713,"Accum Loss":0.33014723658561707,"Train Loss (Epoch Mean)":0.3095902976926398,"_timestamp":1.7492296901866417e+09}