{"_timestamp":1.7493261575858314e+09,"_runtime":23397.121981716,"_step":14995,"Accum Loss":0.3903272067946091,"Train Loss (Epoch Mean)":0.5606157619393558,"Val Loss":NaN,"_wandb":{"runtime":23397},"Lr":9.999333066559959e-06}