{"_runtime":98.834241993,"_step":0,"_wandb":{"runtime":99},"Test Acc":0.6263537906137184,"_timestamp":1.749292054995804e+09}