{"Val Loss":NaN,"_wandb":{"runtime":22989},"Lr":9.999333066559959e-06,"_timestamp":1.74925682210882e+09,"_runtime":22988.45433391,"_step":14995,"Accum Loss":NaN,"Train Loss (Epoch Mean)":NaN}