{"Lr":5.845410628019324e-06,"_timestamp":1.7492985527519245e+09,"_runtime":122.233712282,"_step":121,"Accum Loss":2.871140480041504,"_wandb":{"runtime":122}}