{"_runtime":1201.287070305,"Accum Loss":0.0002650192691362463,"Val Loss":0.2747329968612916,"_wandb":{"runtime":1202},"_step":1664,"Test Recall":0.8700361010830325,"_timestamp":1.7495688395972617e+09,"Train Loss (Epoch Mean)":0.1865978056549446,"Lr":8.751825037917504e-06,"Test Precision":0.8700361010830325,"Test Accuracy":0.8700361010830325}