{"Train Loss (Epoch Mean)":0.06045799758827252,"Test Acc":0.927797833935018,"Val Loss":0.3295514166748178,"_wandb":{"runtime":2068},"_runtime":2067.717811145,"_step":2912,"Lr":6.2518259265537675e-06,"_timestamp":1.7493027542242908e+09,"Accum Loss":5.409069444795023e-06}