{"Lr":6.2518259265537675e-06,"_wandb":{"runtime":1402},"Accum Loss":0.22063510812404274,"_step":2912,"Val Loss":0.37313736454965324,"_runtime":1402.130236502,"Test Acc":0.9007220216606499,"_timestamp":1.749232185716449e+09,"Train Loss (Epoch Mean)":0.13335532602709607}