{"Train Loss (Epoch Mean)":0.2070962877198748,"_wandb":{"runtime":697},"Lr":8.757294806881243e-06,"_runtime":696.900181089,"Accum Loss":0.3438325646384328,"Test Acc":0.8231046931407943,"_step":832,"Val Loss":0.2673056800757227,"_timestamp":1.7493334407020614e+09}