{"Accum Loss":0.3202250748872757,"Train Loss (Epoch Mean)":0.5570520505236001,"Val Loss":NaN,"_wandb":{"runtime":23388},"Lr":9.999333066559959e-06,"_timestamp":1.7493593272841132e+09,"_runtime":23387.584572355,"_step":14995}