{"_step":832,"_timestamp":1.7492992832518785e+09,"_runtime":697.587710512,"Train Loss (Epoch Mean)":0.20839112337485102,"_wandb":{"runtime":697},"Test Acc":0.8610108303249098,"Accum Loss":0.0005259428871795535,"Val Loss":0.28712780656631887,"Lr":8.757294806881243e-06}