{"Test Acc":0.6299638989169675,"_timestamp":1.7492569291243758e+09,"_runtime":99.106127254,"_step":0,"_wandb":{"runtime":99}}