{"_step":2912,"Test Recall":0.9187725631768953,"Lr":6.2518259265537675e-06,"Accum Loss":2.78083994089684e-05,"_wandb":{"runtime":2077},"Val Loss":0.3057963780545194,"_timestamp":1.749574167473284e+09,"Test Precision":0.9187725631768953,"_runtime":2075.765267271,"Train Loss (Epoch Mean)":0.06296884395469853,"Test Accuracy":0.9187725631768953}