{"_step":0,"_wandb":{"runtime":99},"Test Acc":0.6389891696750902,"_timestamp":1.7492210055186934e+09,"_runtime":99.440538863}