{"Train Loss (Epoch Mean)":0.16244366910580094,"Test Recall":0.796028880866426,"_step":832,"Val Loss":0.310801749224603,"Lr":8.757294806881243e-06,"Test Accuracy":0.796028880866426,"_timestamp":1.7495676327340124e+09,"Accum Loss":0.0006179927149787545,"Test Precision":0.796028880866426,"_wandb":{"runtime":700},"_runtime":700.340876231}