{"Train Loss (Epoch Mean)":0.27550297328148654,"_timestamp":1.749267337069558e+09,"Val Loss":0.4027524760156522,"_step":1248,"_wandb":{"runtime":620},"Lr":9.416465349629096e-06,"Accum Loss":0.32853347911441233,"Test Acc":0.5523465703971119,"_runtime":619.992417564}