{"Accum Loss":0.00011750010435207514,"Train Loss (Epoch Mean)":0.08130773688127953,"Val Loss":0.38317211191186806,"Test Acc":0.9061371841155235,"_runtime":1027.691585591,"_step":1248,"Lr":7.074185457257605e-06,"_timestamp":1.749230750107348e+09,"_wandb":{"runtime":1028}}