{"Test Recall":0.9187725631768953,"_timestamp":1.7495710469859943e+09,"_step":2080,"Val Loss":0.2552526210048828,"Test Accuracy":0.9187725631768953,"Test Precision":0.9187725631768953,"_wandb":{"runtime":1493},"Lr":7.936196151663141e-06,"_runtime":1492.838587055,"Train Loss (Epoch Mean)":0.11664883044558196,"Accum Loss":0.7516759869176894}