{"Test Recall":0.8447653429602888,"Val Loss":0.22677091422415938,"Test Precision":0.8447653429602888,"Lr":8.757294806881243e-06,"_step":832,"Accum Loss":0.2387946259987075,"_runtime":699.853422288,"Train Loss (Epoch Mean)":0.18652516722034565,"_wandb":{"runtime":700},"_timestamp":1.7495654225557015e+09,"Test Accuracy":0.8447653429602888}