{"Test Acc":0.3303249097472924,"_timestamp":1.7492921780529127e+09,"_runtime":117.23374922,"_step":0,"_wandb":{"runtime":117}}