{"_timestamp":1.7492211288652358e+09,"_wandb":{"runtime":117},"_runtime":117.535292396,"_step":0,"Test Acc":0.3303249097472924}