{"Accum Loss":0.11946415728743887,"Test Acc":0.8501805054151624,"Train Loss (Epoch Mean)":0.24666923894558285,"Lr":8.751825037917504e-06,"_timestamp":1.7493342897125378e+09,"Val Loss":0.31220105336183385,"_wandb":{"runtime":817},"_runtime":815.800878707,"_step":1664}