{"_runtime":98.983629381,"_step":0,"_wandb":{"runtime":99},"Test Acc":0.6209386281588448,"_timestamp":1.749326264569852e+09}