{"_wandb":{"runtime":22962},"_step":14995,"Lr":9.999333066559959e-06,"_timestamp":1.7492919491513891e+09,"_runtime":22961.815675649,"Accum Loss":NaN,"Train Loss (Epoch Mean)":NaN,"Val Loss":NaN}